team,elo,elo_peak,n_games,wins,losses,win_rate,last_league,last_game_date
Gen.G,1804.7,1804.7,115,85,30,0.739,LCK,2026-09-05
FENNEL,1793.3,1812.8,50,42,8,0.84,LJL,2026-09-06
Bilibili Gaming,1768.2,1837.0,173,124,49,0.717,LPL,2026-09-07
LYON,1732.6,1784.0,106,68,38,0.642,LCS,2026-09-06
Hanwha Life Esports,1732.5,1818.4,127,80,47,0.63,LCK,2026-09-05
Team Secret Whales,1723.2,1723.2,102,72,30,0.706,LCP,2026-08-30
Rising Gaming,1715.7,1739.1,56,37,19,0.661,LJL,2026-06-14
G2 Esports,1697.5,1768.3,128,84,44,0.656,LEC,2026-09-06
Karmine Corp,1696.0,1744.1,135,87,48,0.644,LEC,2026-09-06
Saigon Warriors,1695.7,1695.7,48,33,15,0.688,VCS,2026-06-20
New Meta,1683.7,1695.1,74,45,29,0.608,LJL,2026-09-06
T1,1683.0,1815.7,146,93,53,0.637,LCK,2026-09-06
Team Liquid,1660.4,1693.9,90,56,34,0.622,LCS,2026-09-05
Dplus Kia,1646.1,1748.3,146,81,65,0.555,LCK,2026-09-06
CTBC Flying Oyster Academy,1634.5,1635.2,29,19,10,0.655,PCS,2026-09-06
LØS,1633.6,1688.1,91,56,35,0.615,CBLOL,2026-08-29
FURIA,1614.0,1672.8,77,47,30,0.61,CBLOL,2026-09-06
Ninjas in Pyjamas,1613.5,1644.3,93,54,39,0.581,LPL,2026-09-06
Invictus Gaming,1612.6,1612.6,111,51,60,0.459,LPL,2026-09-08
Frank Esports,1610.9,1642.1,35,22,13,0.629,PCS,2026-09-06
Inferno Drive Tokyo,1603.9,1651.7,40,28,12,0.7,LJL,2026-04-19
LOUD,1600.5,1614.7,79,45,34,0.57,CBLOL,2026-08-29
SillySilly Gaming,1599.9,1632.4,32,21,11,0.656,PCS,2026-09-05
Arneb,1596.5,1666.7,57,34,23,0.596,LJL,2026-07-29
Anyone's Legend,1590.2,1659.3,133,77,56,0.579,LPL,2026-09-07
KT Rolster,1566.0,1622.8,106,50,56,0.472,LCK,2026-09-04
L Guide Gaming,1550.5,1614.7,62,32,30,0.516,LJL,2026-09-05
Cloud9,1549.1,1652.0,69,42,27,0.609,LCS,2026-09-05
VARREL YOUTH,1548.8,1564.5,25,13,12,0.52,LJL,2026-04-19
CTBC Flying Oyster,1547.7,1594.9,87,40,47,0.46,LCP,2026-08-30
Natus Vincere,1545.7,1579.1,82,43,39,0.524,LEC,2026-09-11
Uwinks,1540.9,1615.5,60,31,29,0.517,LJL,2026-08-11
Top Esports,1539.7,1682.7,136,73,63,0.537,LPL,2026-09-05
MVK Esports Academy,1536.9,1676.9,32,22,10,0.688,VCS,2026-05-28
LGD Gaming,1533.1,1587.2,97,44,53,0.454,LPL,2026-09-08
Team WE,1532.9,1595.5,128,52,76,0.406,LPL,2026-09-06
Team Vitality,1529.3,1633.4,81,44,37,0.543,LEC,2026-09-05
JD Gaming,1523.1,1622.8,158,80,78,0.506,LPL,2026-09-05
Team Secret,1522.6,1540.5,8,4,4,0.5,EWC,2026-07-15
GiantX,1520.8,1557.1,91,44,47,0.484,LEC,2026-09-11
Sentinels,1518.0,1581.2,73,37,36,0.507,LCS,2026-09-05
Shadow Keepers Esports,1518.0,1531.5,11,6,5,0.545,PCS,2026-06-01
NOVEX,1513.7,1628.7,37,21,16,0.568,LJL,2026-04-19
Galions,1511.6,1526.1,9,5,4,0.556,EWC,2026-05-15
FlyQuest,1511.4,1585.0,74,36,38,0.486,LCS,2026-09-06
GAM Esports,1503.9,1601.7,95,51,44,0.537,LCP,2026-08-22
wangting,1503.5,1532.2,8,4,4,0.5,PCS,2026-05-27
ZEN Esports,1503.4,1542.8,24,11,13,0.458,VCS,2026-06-19
Movistar KOI,1499.7,1678.9,96,50,46,0.521,LEC,2026-08-30
Los Ratones,1495.3,1510.3,11,5,6,0.455,LEC,2026-02-08
Solary,1493.2,1524.0,7,3,4,0.429,EWC,2026-05-14
1TAP Dino,1485.4,1551.1,52,24,28,0.462,VCS,2026-09-11
Embrace Whatever Happens,1484.7,1524.1,7,3,4,0.429,PCS,2026-08-17
BNK FEARX,1482.7,1611.3,129,60,69,0.465,LCK,2026-09-03
Weibo Gaming,1478.6,1558.6,100,47,53,0.47,LPL,2026-08-19
Sponge Gaming,1478.3,1502.2,6,2,4,0.333,PCS,2026-08-17
Viper Night Raider,1477.1,1502.2,6,2,4,0.333,PCS,2026-05-27
Reignfall,1476.6,1509.1,11,4,7,0.364,PCS,2026-09-04
MVK Esports,1472.3,1544.9,81,37,44,0.457,LCP,2026-08-29
One Round Specialists,1471.3,1500.0,6,2,4,0.333,PCS,2026-04-27
Fast8,1469.6,1558.1,31,14,17,0.452,LJL,2026-04-19
RAYN Clocks,1463.5,1610.0,52,23,29,0.442,LJL,2026-07-24
RogerSaMa,1459.8,1500.0,5,1,4,0.2,PCS,2026-08-10
Yang Yang Gaming,1456.2,1500.0,17,6,11,0.353,LJL,2026-04-19
Deep Cross Gaming,1455.6,1615.1,107,54,53,0.505,LCP,2026-08-13
Fnatic,1450.9,1530.9,67,27,40,0.403,LEC,2026-08-30
Ultra Prime,1448.7,1500.0,25,9,16,0.36,LPL,2026-05-15
SN CyberCore Esports,1447.9,1516.2,35,12,23,0.343,VCS,2026-09-11
Equinox Core,1447.9,1500.0,4,0,4,0.0,PCS,2026-05-26
Vivo Keyd Stars,1446.8,1525.8,71,32,39,0.451,CBLOL,2026-09-05
RED Canids,1444.1,1643.4,74,39,35,0.527,CBLOL,2026-09-06
Xu Ji Basalt,1442.6,1500.0,4,0,4,0.0,PCS,2026-04-27
Ngựa Hí Esports,1439.3,1501.3,11,3,8,0.273,VCS,2026-03-14
paiN Gaming,1434.8,1500.0,57,20,37,0.351,CBLOL,2026-09-05
DetonatioN FocusMe Academy,1424.4,1515.2,22,5,17,0.227,LJL,2026-06-03
Karmine Corp Blue,1413.6,1500.0,11,2,9,0.182,LEC,2026-02-08
LNG Esports,1411.0,1626.4,53,29,24,0.547,LPL,2026-08-19
VelbeliKaizokudan,1410.7,1515.8,26,9,17,0.346,LJL,2026-04-19
CAG OSAKA,1410.5,1500.0,26,8,18,0.308,LJL,2026-04-19
Bamboo Juice,1403.4,1515.0,26,9,17,0.346,LJL,2026-04-19
Ground Zero Gaming,1402.4,1541.3,68,28,40,0.412,LCP,2026-08-15
Shopify Rebellion,1401.3,1500.0,46,13,33,0.283,LCS,2026-09-06
HANJIN BRION,1398.3,1500.0,99,39,60,0.394,LCK,2026-08-28
Ground Zero Academy,1394.8,1500.0,8,0,8,0.0,PCS,2026-08-10
EDward Gaming,1394.3,1550.8,78,27,51,0.346,LPL,2026-08-28
9Gaming Esports,1391.4,1561.2,30,11,19,0.367,VCS,2026-05-27
SK Gaming,1388.7,1501.3,58,19,39,0.328,LEC,2026-08-29
Oh My God,1381.4,1525.8,34,12,22,0.353,LPL,2026-05-15
Nongshim RedForce,1380.4,1506.6,95,38,57,0.4,LCK,2026-08-27
Revolution Victory X,1373.7,1500.0,13,1,12,0.077,LJL,2026-02-08
UTeSports,1372.2,1500.0,12,1,11,0.083,LJL,2026-04-19
ThunderTalk Gaming,1372.1,1518.6,80,26,54,0.325,LPL,2026-08-28
Shifters,1370.3,1516.3,61,19,42,0.311,LEC,2026-08-30
Fukuoka SoftBank HAWKS gaming,1369.9,1606.0,70,31,39,0.443,LCP,2026-08-06
UEC eSports PlusPlus,1366.6,1500.0,14,1,13,0.071,LJL,2026-02-08
Fluxo W7M,1366.1,1525.7,62,23,39,0.371,CBLOL,2026-08-29
DN SOOPers,1345.0,1515.0,95,30,65,0.316,LCK,2026-08-22
Disguised,1336.6,1532.6,53,16,37,0.302,LCS,2026-09-06
Kiwoom DRX,1310.1,1515.0,99,38,61,0.384,LCK,2026-08-22
V3 Esports,1302.0,1500.0,26,3,23,0.115,LJL,2026-04-19
Leviatan,1283.3,1516.7,55,14,41,0.255,CBLOL,2026-08-30
Dignitas,1277.3,1500.0,45,8,37,0.178,LCS,2026-09-05
Team Heretics,1271.1,1521.7,59,14,45,0.237,LEC,2026-08-30
DetonatioN FocusMe,1260.9,1500.0,50,7,43,0.14,LCP,2026-08-15
