team,home_league,calibrated,title_%,finals_%,knockout_%
Gen.G,LCK,2025.8,60.0,78.4,95.5
Hanwha Life Esports,LCK,1928.3,20.1,50.9,86.4
T1,LCK,1864.6,7.2,25.6,75.7
Dplus Kia,LCK,1845.6,4.4,14.6,72.2
Bilibili Gaming,LPL,1844.2,4.0,10.3,71.9
G2 Esports,LEC,1798.7,1.6,5.6,61.8
Anyone's Legend,LPL,1782.5,1.3,4.7,57.7
Ninjas in Pyjamas,LPL,1738.2,0.4,2.5,46.6
Team Liquid,LCS,1729.8,0.3,2.3,44.3
Team Secret Whales,LCP,1721.8,0.3,1.9,41.5
Invictus Gaming,LPL,1705.6,0.2,1.2,37.8
Karmine Corp,LEC,1708.0,0.2,1.2,38.5
Movistar KOI,LEC,1649.8,0.0,0.2,25.2
CTBC Flying Oyster,LCP,1546.3,0.0,0.0,9.3
GAM Esports,LCP,1502.5,0.0,0.0,5.7
LYON,LCS,1672.9,0.0,0.4,29.9
